"Orthogroup.ID","CYP.Name","Human.Protein.ID","Num.Species","Model0.lnL","Model0.dNdS","Model0.np","Model1.lnL","Model1.dNdS","Model1.np","Model1.W","Model1.P","Model2.lnL","Model2.dNdS","Model2.np","Model2.W","Model2.P","Model2.BEB.Position","Model2.BEB.AminoAcid","Model2.BEB.Probability","Model2.BEB.W","Model2.BEB.WSE","Model7.lnL","Model7.dNdS","Model7.np","Model7.W","Model7.P","Model8.lnL","Model8.dNdS","Model8.np","Model8.W","Model8.P","Model8.BEB.Position","Model8.BEB.AminoAcid","Model8.BEB.Probability","Model8.BEB.W","Model8.BEB.WSE","Model8a.lnL","Model8a.dNdS","Model8a.np","Model8a.W","Model8a.P","M2.vs.M1.TestStatistic","M2.vs.M1.Pvalue","M8.vs.M7.TestStatistic","M8.vs.M7.Pvalue","M8.vs.M8a.TestStatistic","M8.vs.M8a.Pvalue"
"OG0024447","cyp46a1","NP_006659.1",10,-2579.65064,0.03575,19,-2577.606058,0.0376125268,20,"0.00707;1.00000","0.96924;0.03076",-2577.606058,0.0376125268,22,"0.00707;1.00000;1.00000","0.96924;0.00044;0.03032",NA,NA,NA,NA,NA,-2577.747795,0.036575,20,"0.00000;0.00000;0.00000;0.00000;0.00000;0.00000;0.00000;0.00000;0.00006;0.36569","0.10000;0.10000;0.10000;0.10000;0.10000;0.10000;0.10000;0.10000;0.10000;0.10000",-2577.601833,0.0374049979,22,"0.00000;0.00000;0.00000;0.00000;0.00000;0.00000;0.00000;0.00000;0.00001;0.08788;1.00000","0.09711;0.09711;0.09711;0.09711;0.09711;0.09711;0.09711;0.09711;0.09711;0.09711;0.02887",NA,NA,NA,NA,NA,-2577.601833,0.0373947089,21,"0.00000;0.00000;0.00000;0.00000;0.00000;0.00000;0.00000;0.00000;0.00000;0.08799;1.00000","0.09711;0.09711;0.09711;0.09711;0.09711;0.09711;0.09711;0.09711;0.09711;0.09711;0.02885",0,1,0.292000000000371,0.864157703184482,0,1
"OG0007220","cyp4f2","NP_001073.3",10,-4128.53244,0.2909,19,-4098.453448,0.292156149,20,"0.05438;1.00000","0.74855;0.25145",-4097.751354,0.3101876541,22,"0.09803;1.00000;1.39714","0.83669;0.00000;0.16331",NA,NA,NA,NA,NA,-4099.021603,0.298701,20,"0.00000;0.00000;0.00000;0.00003;0.00121;0.02239;0.21690;0.75884;0.98765;0.99999","0.10000;0.10000;0.10000;0.10000;0.10000;0.10000;0.10000;0.10000;0.10000;0.10000",-4097.76014,0.3102152814,22,"0.05736;0.07058;0.07929;0.08671;0.09372;0.10083;0.10849;0.11741;0.12914;0.15025;1.40156","0.08381;0.08381;0.08381;0.08381;0.08381;0.08381;0.08381;0.08381;0.08381;0.08381;0.16191",NA,NA,NA,NA,NA,-4098.466713,0.2922543457,21,"0.02411;0.03291;0.03905;0.04447;0.04974;0.05520;0.06122;0.06839;0.07805;0.09599;1.00000","0.07489;0.07489;0.07489;0.07489;0.07489;0.07489;0.07489;0.07489;0.07489;0.07489;0.25113",1.40400000000045,0.49559312569254,2.52399999999943,0.283087285376888,1.41399999999885,0.234393503818243
"OG0010949","cyp4f3","NP_000887.2",10,-4241.274519,0.29737,19,-4205.097979,0.3148763345,20,"0.04535;1.00000","0.71767;0.28233",-4204.494659,0.3354726427,22,"0.08107;1.00000;1.45603","0.78733;0.08335;0.12932",NA,NA,NA,NA,NA,-4205.471358,0.322136,20,"0.00000;0.00000;0.00000;0.00000;0.00024;0.01323;0.28457;0.92395;0.99937;1.00000","0.10000;0.10000;0.10000;0.10000;0.10000;0.10000;0.10000;0.10000;0.10000;0.10000",-4204.487629,0.3356486915,22,"0.00148;0.00886;0.02077;0.03710;0.05840;0.08584;0.12167;0.17038;0.24311;0.38608;1.41911","0.08298;0.08298;0.08298;0.08298;0.08298;0.08298;0.08298;0.08298;0.08298;0.08298;0.17023",NA,NA,NA,NA,NA,-4205.477265,0.3188471325,21,"0.00000;0.00000;0.00000;0.00000;0.00013;0.00319;0.04344;0.32506;0.86720;0.99901;1.00000","0.08775;0.08775;0.08775;0.08775;0.08775;0.08775;0.08775;0.08775;0.08775;0.08775;0.12246",1.20600000000013,0.54716766837027,1.96599999999853,0.374186852767431,1.97799999999916,0.159601261250205
"OG0017672","cyp3a4","NP_059488.2",10,-3471.796749,0.50239,19,-3454.716439,0.4352,20,"0.00000;1.00000","0.56480;0.43520",-3453.026095,0.5211945961,22,"0.00000;1.00000;1.42547","0.63437;0.00000;0.36563",NA,NA,NA,NA,NA,-3455.003807,0.4,20,"0.00000;0.00000;0.00000;0.00000;0.00000;0.00000;1.00000;1.00000;1.00000;1.00000","0.10000;0.10000;0.10000;0.10000;0.10000;0.10000;0.10000;0.10000;0.10000;0.10000",-3453.026094,0.5211952305,22,"0.00000;0.00000;0.00000;0.00000;0.00000;0.00000;0.00000;0.00000;0.00000;0.00001;1.42547","0.06344;0.06344;0.06344;0.06344;0.06344;0.06344;0.06344;0.06344;0.06344;0.06344;0.36563","59","K","0.970*","1.812","0.597",-3454.716423,0.4352,21,"0.00000;0.00000;0.00000;0.00000;0.00000;0.00000;0.00000;0.00000;0.00000;0.00000;1.00000","0.05648;0.05648;0.05648;0.05648;0.05648;0.05648;0.05648;0.05648;0.05648;0.05648;0.43520",3.38000000000011,0.184519523992979,3.95600000000013,0.138345652108165,3.38000000000011,0.0659920550593431
"OG0014524","cyp8a1","NP_000952.1",10,-3136.461354,0.13495,19,-3129.649358,0.1409425327,20,"0.05023;1.00000","0.90449;0.09551",-3129.649358,0.1409525327,22,"0.05023;1.00000;1.00000","0.90449;0.04748;0.04804",NA,NA,NA,NA,NA,-3129.48493,0.138006,20,"0.00000;0.00000;0.00000;0.00011;0.00111;0.00729;0.03467;0.12880;0.37954;0.82854","0.10000;0.10000;0.10000;0.10000;0.10000;0.10000;0.10000;0.10000;0.10000;0.10000",-3129.484931,0.138009,22,"0.00000;0.00000;0.00000;0.00011;0.00111;0.00729;0.03467;0.12879;0.37951;0.82851;1.00000","0.10000;0.10000;0.10000;0.10000;0.10000;0.10000;0.10000;0.10000;0.10000;0.10000;0.00001",NA,NA,NA,NA,NA,-3129.48493,0.138008,21,"0.00000;0.00000;0.00000;0.00011;0.00111;0.00729;0.03467;0.12879;0.37951;0.82850;1.00000","0.10000;0.10000;0.10000;0.10000;0.10000;0.10000;0.10000;0.10000;0.10000;0.10000;0.00001",0,1,0,1,0,1
"OG0023859","cyp27a1","NP_000775.1",10,-3322.911667,0.22881,19,-3320.849927,0.2405418616,20,"0.12718;1.00000","0.87012;0.12988",-3320.849927,0.2405418616,22,"0.12718;1.00000;1.00000","0.87012;0.07301;0.05687",NA,NA,NA,NA,NA,-3320.600882,0.235995,20,"0.00021;0.00441;0.01805;0.04579;0.09206;0.16148;0.25931;0.39224;0.57043;0.81597","0.10000;0.10000;0.10000;0.10000;0.10000;0.10000;0.10000;0.10000;0.10000;0.10000",-3320.600889,0.235999,22,"0.00021;0.00441;0.01805;0.04578;0.09205;0.16147;0.25930;0.39223;0.57043;0.81596;1.00000","0.10000;0.10000;0.10000;0.10000;0.10000;0.10000;0.10000;0.10000;0.10000;0.10000;0.00001",NA,NA,NA,NA,NA,-3320.600889,0.235998,21,"0.00021;0.00441;0.01806;0.04579;0.09206;0.16148;0.25930;0.39222;0.57041;0.81594;1.00000","0.10000;0.10000;0.10000;0.10000;0.10000;0.10000;0.10000;0.10000;0.10000;0.10000;0.00001",0,1,0,1,0,1
"OG0027687","cyp39a1","NP_001265667.1",8,-2533.844355,0.43397,15,-2533.844367,0.4339756603,16,"0.43397;1.00000","0.99999;0.00001",-2533.844355,0.43397,18,"0.43397;1.00000;1.00000","1.00000;0.00000;0.00000",NA,NA,NA,NA,NA,-2533.848087,0.4342,16,"0.37318;0.39542;0.40880;0.41956;0.42927;0.43870;0.44847;0.45938;0.47308;0.49614","0.10000;0.10000;0.10000;0.10000;0.10000;0.10000;0.10000;0.10000;0.10000;0.10000",-2533.848099,0.434204,18,"0.37317;0.39542;0.40880;0.41956;0.42926;0.43869;0.44846;0.45938;0.47307;0.49613;1.00000","0.10000;0.10000;0.10000;0.10000;0.10000;0.10000;0.10000;0.10000;0.10000;0.10000;0.00001",NA,NA,NA,NA,NA,-2533.848099,0.434201,17,"0.37317;0.39541;0.40879;0.41955;0.42926;0.43869;0.44846;0.45938;0.47307;0.49613;1.00000","0.10000;0.10000;0.10000;0.10000;0.10000;0.10000;0.10000;0.10000;0.10000;0.10000;0.00001",0,1,0,1,0,1
"OG0004841","cyp4b1","NP_000770.2",8,-5901.119514,0.61388,15,-5885.45489,0.5330489154,16,"0.09042;1.00000","0.51337;0.48663",-5880.510888,0.7141185135,18,"0.17754;1.00000;1.91883","0.69185;0.00000;0.30815",NA,NA,NA,NA,NA,-5888.118582,0.552678,16,"0.02082;0.11094;0.23474;0.37483;0.51884;0.65671;0.77990;0.88119;0.95444;0.99437","0.10000;0.10000;0.10000;0.10000;0.10000;0.10000;0.10000;0.10000;0.10000;0.10000",-5878.071047,0.7180741675,18,"0.02939;0.07580;0.12062;0.16671;0.21571;0.26932;0.33001;0.40212;0.49549;0.64740;2.14578","0.07633;0.07633;0.07633;0.07633;0.07633;0.07633;0.07633;0.07633;0.07633;0.07633;0.23673","12;293","R;D","0.955*;0.954*","2.571;2.568","0.718;0.720",-5883.888772,0.5369770983,17,"0.02266;0.04675;0.06765;0.08828;0.10989;0.13360;0.16092;0.19453;0.24092;0.32757;1.00000","0.05379;0.05379;0.05379;0.05379;0.05379;0.05379;0.05379;0.05379;0.05379;0.05379;0.46206",9.88799999999901,0.00712603713937637,20.0959999999995,4.32722069875797e-05,11.6360000000004,0.000646875569231711
"OG0017294","cyp4f22","NP_775754.2",10,-3235.609327,0.13704,19,-3232.271538,0.145551836,20,"0.06408;1.00000","0.91295;0.08705",-3232.271538,0.1455511952,22,"0.06408;1.00000;1.00000","0.91294;0.03916;0.04789",NA,NA,NA,NA,NA,-3231.98358,0.141561,20,"0.00000;0.00001;0.00019;0.00156;0.00746;0.02594;0.07313;0.17726;0.38245;0.74761","0.10000;0.10000;0.10000;0.10000;0.10000;0.10000;0.10000;0.10000;0.10000;0.10000",-3231.983589,0.141563,22,"0.00000;0.00001;0.00019;0.00156;0.00746;0.02594;0.07313;0.17725;0.38242;0.74757;1.00000","0.10000;0.10000;0.10000;0.10000;0.10000;0.10000;0.10000;0.10000;0.10000;0.10000;0.00001",NA,NA,NA,NA,NA,-3231.983589,0.141563,21,"0.00000;0.00001;0.00019;0.00156;0.00746;0.02594;0.07313;0.17725;0.38242;0.74757;1.00000","0.10000;0.10000;0.10000;0.10000;0.10000;0.10000;0.10000;0.10000;0.10000;0.10000;0.00001",0,1,0,1,0,1
"OG0008315","cyp2j2","NP_000766.2",10,-3300.56755,0.39812,19,-3288.653118,0.38462,20,"0.00000;1.00000","0.61538;0.38462",-3287.868095,0.4196068891,22,"0.05028;1.00000;3.61139","0.67054;0.30785;0.02161",NA,NA,NA,NA,NA,-3288.70441,0.4,20,"0.00000;0.00000;0.00000;0.00000;0.00000;0.00000;1.00000;1.00000;1.00000;1.00000","0.10000;0.10000;0.10000;0.10000;0.10000;0.10000;0.10000;0.10000;0.10000;0.10000",-3287.852926,0.4188996154,22,"0.00000;0.00000;0.00005;0.00133;0.01598;0.10899;0.42279;0.82924;0.98514;0.99994;3.40652","0.09731;0.09731;0.09731;0.09731;0.09731;0.09731;0.09731;0.09731;0.09731;0.09731;0.02689",NA,NA,NA,NA,NA,-3288.653118,0.3846206154,21,"0.00000;0.00000;0.00000;0.00000;0.00000;0.00000;0.00000;0.00000;0.00000;0.00001;1.00000","0.06154;0.06154;0.06154;0.06154;0.06154;0.06154;0.06154;0.06154;0.06154;0.06154;0.38462",1.56999999999971,0.456119701785706,1.70200000000023,0.426987730652978,1.59999999999945,0.205903210732146
"OG0011224","cyp24a1","NP_000773.2",10,-3160.812499,0.28412,19,-3157.757462,0.2924655545,20,"0.11927;1.00000","0.80335;0.19665",-3157.757462,0.292473588,22,"0.11928;1.00000;1.00000","0.80335;0.12693;0.06972",NA,NA,NA,NA,NA,-3157.720422,0.290389,20,"0.00001;0.00088;0.00723;0.02884;0.08010;0.17728;0.33220;0.54166;0.77449;0.96120","0.10000;0.10000;0.10000;0.10000;0.10000;0.10000;0.10000;0.10000;0.10000;0.10000",-3157.720422,0.290389,22,"0.00001;0.00088;0.00723;0.02884;0.08010;0.17727;0.33218;0.54163;0.77446;0.96119;1.00000","0.10000;0.10000;0.10000;0.10000;0.10000;0.10000;0.10000;0.10000;0.10000;0.10000;0.00001",NA,NA,NA,NA,NA,-3157.720433,0.290508,21,"0.00001;0.00085;0.00710;0.02851;0.07959;0.17680;0.33217;0.54241;0.77574;0.96180;1.00000","0.10000;0.10000;0.10000;0.10000;0.10000;0.10000;0.10000;0.10000;0.10000;0.10000;0.00001",0,1,0,1,0,1
"OG0019961","cyp8b1","NP_004382.2",10,-3140.654244,0.38483,19,-3129.392248,0.37126,20,"0.00000;1.00000","0.62874;0.37126",-3128.88905,0.4115126199,22,"0.00000;1.00000;1.28281","0.67921;0.00000;0.32079",NA,NA,NA,NA,NA,-3129.560857,0.4,20,"0.00000;0.00000;0.00000;0.00000;0.00000;0.00000;1.00000;1.00000;1.00000;1.00000","0.10000;0.10000;0.10000;0.10000;0.10000;0.10000;0.10000;0.10000;0.10000;0.10000",-3128.88905,0.4115197112,22,"0.00000;0.00000;0.00000;0.00000;0.00000;0.00000;0.00000;0.00000;0.00000;0.00001;1.28279","0.06792;0.06792;0.06792;0.06792;0.06792;0.06792;0.06792;0.06792;0.06792;0.06792;0.32080",NA,NA,NA,NA,NA,-3129.392252,0.3712606287,21,"0.00000;0.00000;0.00000;0.00000;0.00000;0.00000;0.00000;0.00000;0.00000;0.00001;1.00000","0.06287;0.06287;0.06287;0.06287;0.06287;0.06287;0.06287;0.06287;0.06287;0.06287;0.37126",1.0059999999994,0.604713794394303,1.34400000000005,0.510686183366175,1.0059999999994,0.315863025968114
"OG0015092","cyp2f1","NP_000765.2",10,-8156.373793,0.80544,19,-8156.285579,0.8045989966,20,"0.77023;1.00000","0.85042;0.14958",-8155.323876,0.8188500193,22,"0.77744;1.00000;2.06707","0.96789;0.00000;0.03211",NA,NA,NA,NA,NA,-8160.41492,0.963208,20,"0.63208;1.00000;1.00000;1.00000;1.00000;1.00000;1.00000;1.00000;1.00000;1.00000","0.10000;0.10000;0.10000;0.10000;0.10000;0.10000;0.10000;0.10000;0.10000;0.10000",-8155.409067,0.8198095488,22,"0.71723;0.74179;0.75596;0.76702;0.77676;0.78599;0.79533;0.80549;0.81782;0.83759;2.07922","0.09694;0.09694;0.09694;0.09694;0.09694;0.09694;0.09694;0.09694;0.09694;0.09694;0.03058",NA,NA,NA,NA,NA,-8161.764399,0.99999,21,"0.00000;0.00000;0.00000;0.00000;0.00000;0.00000;0.00000;0.00000;0.00000;0.00001;1.00000","0.00000;0.00000;0.00000;0.00000;0.00000;0.00000;0.00000;0.00000;0.00000;0.00000;0.99999",1.92400000000089,0.382127865478495,10.0120000000006,0.00669764035793216,12.7100000000009,0.000363705427761193
"OG0004954","cyp2a6_cyp2a13_cyp2a7","NP_000753.3;NP_000757.2;NP_000755.2",12,-4786.078947,0.37122,23,-4742.603968,0.3906502498,24,"0.06251;1.00000","0.64998;0.35002",-4742.372621,0.4027947891,26,"0.06597;1.00000;2.89500","0.65303;0.34026;0.00672",NA,NA,NA,NA,NA,-4743.061149,0.388041,24,"0.00000;0.00000;0.00016;0.00391;0.04146;0.23614;0.65990;0.94164;0.99720;1.00000","0.10000;0.10000;0.10000;0.10000;0.10000;0.10000;0.10000;0.10000;0.10000;0.10000",-4742.451745,0.4030715982,26,"0.04423;0.05598;0.06384;0.07061;0.07706;0.08363;0.09077;0.09913;0.11020;0.13031;1.11050","0.06882;0.06882;0.06882;0.06882;0.06882;0.06882;0.06882;0.06882;0.06882;0.06882;0.31179",NA,NA,NA,NA,NA,-4742.61137,0.390522784,25,"0.03010;0.03989;0.04663;0.05251;0.05818;0.06403;0.07043;0.07801;0.08816;0.10686;1.00000","0.06508;0.06508;0.06508;0.06508;0.06508;0.06508;0.06508;0.06508;0.06508;0.06508;0.34921",0.462000000001353,0.793739466034706,1.21799999999894,0.543894491709879,0.317999999999302,0.572812057900041
"OG0011905","cyp2u1","NP_898898.1",10,-3235.97066,0.15528,19,-3227.346595,0.1681960096,20,"0.01004;1.00000","0.84024;0.15976",-3227.346595,0.1681876072,22,"0.01003;1.00000;1.00000","0.84024;0.10582;0.05394",NA,NA,NA,NA,NA,-3227.388921,0.166331,20,"0.00000;0.00000;0.00000;0.00000;0.00000;0.00000;0.00000;0.00019;0.66312;1.00000","0.10000;0.10000;0.10000;0.10000;0.10000;0.10000;0.10000;0.10000;0.10000;0.10000",-3227.34666,0.1681930793,22,"0.00061;0.00183;0.00318;0.00469;0.00644;0.00852;0.01111;0.01454;0.01971;0.03068;1.00000","0.08403;0.08403;0.08403;0.08403;0.08403;0.08403;0.08403;0.08403;0.08403;0.08403;0.15968",NA,NA,NA,NA,NA,-3227.34666,0.1681930793,21,"0.00061;0.00183;0.00318;0.00469;0.00644;0.00852;0.01111;0.01454;0.01971;0.03068;1.00000","0.08403;0.08403;0.08403;0.08403;0.08403;0.08403;0.08403;0.08403;0.08403;0.08403;0.15968",0,1,0.0839999999998327,0.958869780572565,0,1
"OG0028410","cyp7b1","NP_001311041.1",6,-3012.795296,0.54773,11,-2947.325686,0.2586,12,"0.00000;1.00000","0.74140;0.25860",-2903.949154,1.0343103501,14,"0.00000;1.00000;6.02429","0.82831;0.00000;0.17169","37;167;177;276;380;412;413;416;417;418;420;421;422;423;424;425;426;427;428;429;430;431;433;434;436;437;438;440;441;442;448;455;456;459;460","V;P;T;V;S;E;-;F;R;Y;R;F;I;E;D;G;K;K;K;T;T;F;K;R;K;K;L;C;Y;G;L;R;Y;K;S","0.955*;0.965*;0.993**;0.952*;0.964*;0.973*;0.994**;0.998**;0.985*;0.986*;0.993**;0.961*;0.989*;0.990*;0.994**;0.997**;0.994**;0.999**;0.968*;0.999**;0.992**;0.958*;1.000**;0.998**;0.999**;0.994**;0.984*;0.996**;0.978*;0.992**;0.960*;0.996**;0.977*;0.992**;0.994**","6.804;6.867;7.043;6.785;6.864;6.918;7.045;7.074;6.991;6.998;7.042;6.847;7.017;7.021;7.049;7.063;7.047;7.078;6.885;7.080;7.036;6.822;7.083;7.073;7.076;7.050;6.981;7.057;6.946;7.038;6.836;7.062;6.940;7.036;7.049","1.497;1.376;0.936;1.531;1.383;1.271;0.930;0.831;1.090;1.065;0.949;1.420;1.016;1.005;0.917;0.870;0.926;0.819;1.341;0.812;0.959;1.465;0.799;0.836;0.826;0.915;1.131;0.891;1.205;0.955;1.441;0.876;1.219;0.960;0.919",-2948.108991,0.3,12,"0.00000;0.00000;0.00000;0.00000;0.00000;0.00000;0.00000;1.00000;1.00000;1.00000","0.10000;0.10000;0.10000;0.10000;0.10000;0.10000;0.10000;0.10000;0.10000;0.10000",-2903.949154,1.0343111784,14,"0.00000;0.00000;0.00000;0.00000;0.00000;0.00000;0.00000;0.00000;0.00000;0.00001;6.02429","0.08283;0.08283;0.08283;0.08283;0.08283;0.08283;0.08283;0.08283;0.08283;0.08283;0.17169","37;113;167;177;243;276;355;380;412;413;416;417;418;419;420;421;422;423;424;425;426;427;428;429;430;431;432;433;434;436;437;438;440;441;442;448;455;456;459;460","V;V;P;T;E;V;S;S;E;-;F;R;Y;D;R;F;I;E;D;G;K;K;K;T;T;F;F;K;R;K;K;L;C;Y;G;L;R;Y;K;S","0.971*;0.951*;0.978*;0.998**;0.957*;0.968*;0.954*;0.977*;0.982*;0.997**;0.999**;0.991**;0.995**;0.963*;0.995**;0.975*;0.996**;0.995**;0.998**;0.999**;0.997**;1.000**;0.979*;1.000**;0.996**;0.972*;0.964*;1.000**;1.000**;1.000**;0.998**;0.987*;0.998**;0.986*;0.996**;0.973*;0.999**;0.985*;0.996**;0.997**","6.782;6.656;6.828;6.957;6.694;6.768;6.673;6.825;6.861;6.955;6.970;6.919;6.938;6.732;6.941;6.810;6.946;6.939;6.959;6.966;6.955;6.971;6.840;6.972;6.948;6.793;6.737;6.973;6.970;6.971;6.960;6.891;6.963;6.883;6.948;6.800;6.965;6.879;6.946;6.956","1.337;1.584;1.231;0.847;1.514;1.367;1.553;1.238;1.150;0.857;0.800;0.980;0.912;1.445;0.911;1.275;0.887;0.913;0.840;0.814;0.857;0.794;1.202;0.791;0.884;1.315;1.433;0.788;0.799;0.795;0.838;1.074;0.826;1.088;0.880;1.298;0.820;1.100;0.890;0.853",-2947.325522,0.2586,13,"0.00000;0.00000;0.00000;0.00000;0.00000;0.00000;0.00000;0.00000;0.00000;0.00000;1.00000","0.07414;0.07414;0.07414;0.07414;0.07414;0.07414;0.07414;0.07414;0.07414;0.07414;0.25860",86.7539999999999,1.45080237708016e-19,88.3199999999997,6.63064351040787e-20,86.7539999999999,1.22894993026508e-20
"OG0011565","cyp1b1","NP_000095.2",10,-3381.189967,0.30419,19,-3364.160583,0.28964,20,"0.00000;1.00000","0.71036;0.28964",-3363.300045,0.3310405284,22,"0.00000;1.00000;1.36771","0.75796;0.00000;0.24204",NA,NA,NA,NA,NA,-3364.1968,0.3,20,"0.00000;0.00000;0.00000;0.00000;0.00000;0.00000;0.00000;1.00000;1.00000;1.00000","0.10000;0.10000;0.10000;0.10000;0.10000;0.10000;0.10000;0.10000;0.10000;0.10000",-3363.300044,0.3310412864,22,"0.00000;0.00000;0.00000;0.00000;0.00000;0.00000;0.00000;0.00000;0.00000;0.00001;1.36771","0.07580;0.07580;0.07580;0.07580;0.07580;0.07580;0.07580;0.07580;0.07580;0.07580;0.24204",NA,NA,NA,NA,NA,-3364.160566,0.28964,21,"0.00000;0.00000;0.00000;0.00000;0.00000;0.00000;0.00000;0.00000;0.00000;0.00000;1.00000","0.07104;0.07104;0.07104;0.07104;0.07104;0.07104;0.07104;0.07104;0.07104;0.07104;0.28964",1.72199999999975,0.422739131746015,1.79399999999987,0.407791200114253,1.72199999999975,0.189435804498532
"OG0011105","cyp3a5","NP_000768.1",10,-3680.106895,0.52065,19,-3646.677112,0.40599,20,"0.00000;1.00000","0.59401;0.40599",-3636.083149,0.6229892239,22,"0.04642;1.00000;4.80067","0.63024;0.31083;0.05893","25;27;50;296;479","S;D;P;L;V","0.972*;0.953*;0.987*;0.965*;0.952*","4.750;4.672;4.813;4.724;4.669","1.613;1.677;1.554;1.638;1.678",-3646.688557,0.4,20,"0.00000;0.00000;0.00000;0.00000;0.00000;0.00000;1.00000;1.00000;1.00000;1.00000","0.10000;0.10000;0.10000;0.10000;0.10000;0.10000;0.10000;0.10000;0.10000;0.10000",-3636.090137,0.6230236969,22,"0.00000;0.00000;0.00000;0.00032;0.00801;0.09794;0.51896;0.93006;0.99802;1.00000;4.74607","0.09390;0.09390;0.09390;0.09390;0.09390;0.09390;0.09390;0.09390;0.09390;0.09390;0.06097","25;27;50;207;296;479","S;D;P;V;L;V","0.990**;0.984*;0.996**;0.952*;0.988*;0.984*","4.099;4.074;4.119;3.949;4.089;4.073","1.435;1.455;1.417;1.540;1.443;1.455",-3646.677212,0.405994158,21,"0.00000;0.00000;0.00000;0.00000;0.00000;0.00000;0.00000;0.00000;0.00000;0.00007;1.00000","0.05940;0.05940;0.05940;0.05940;0.05940;0.05940;0.05940;0.05940;0.05940;0.05940;0.40599",21.1880000000001,2.50659551763895e-05,21.1979999999994,2.49409382034006e-05,21.174,4.19415879228129e-06
"OG0010000","cyp4a11_cyp4a22","NP_000769.2;NP_001010969.2",11,-3977.949558,0.47721,21,-3943.006353,0.377644352,22,"0.04920;1.00000","0.65456;0.34544",-3921.4404,0.5289336733,24,"0.10749;1.00000;7.77744","0.68833;0.29053;0.02114","63;228;412","N;F;I","0.999**;0.999**;1.000**","6.608;6.606;6.611","1.439;1.443;1.433",-3943.322823,0.406513,22,"0.00000;0.00000;0.00000;0.00000;0.00000;0.06513;1.00000;1.00000;1.00000;1.00000","0.10000;0.10000;0.10000;0.10000;0.10000;0.10000;0.10000;0.10000;0.10000;0.10000",-3921.763186,0.5370676835,24,"0.00000;0.00037;0.00534;0.03059;0.10868;0.27715;0.53274;0.79169;0.95148;0.99828;7.42503","0.09763;0.09763;0.09763;0.09763;0.09763;0.09763;0.09763;0.09763;0.09763;0.09763;0.02373","63;88;228;412","N;Y;F;I","1.000**;0.976*;1.000**;1.000**","5.546;5.435;5.546;5.547","0.985;1.217;0.986;0.983",-3943.020066,0.378038152,23,"0.02014;0.02818;0.03388;0.03896;0.04392;0.04909;0.05481;0.06166;0.07094;0.08830;1.00000","0.06540;0.06540;0.06540;0.06540;0.06540;0.06540;0.06540;0.06540;0.06540;0.06540;0.34600",43.1319999999996,4.30531768654366e-10,43.1199999999999,4.33122724360487e-10,42.5140000000001,7.01781062523659e-11
"OG0020003","cyp7a1","NP_000771.2",10,-2995.295434,0.19603,19,-2992.095856,0.2070877837,20,"0.07189;1.00000","0.85433;0.14567",-2992.095856,0.2070870648,22,"0.07189;1.00000;1.00000","0.85432;0.08715;0.05852",NA,NA,NA,NA,NA,-2991.916911,0.202462,20,"0.00000;0.00002;0.00037;0.00299;0.01432;0.04958;0.13661;0.31234;0.59533;0.91306","0.10000;0.10000;0.10000;0.10000;0.10000;0.10000;0.10000;0.10000;0.10000;0.10000",-2991.916913,0.202465,22,"0.00000;0.00002;0.00037;0.00299;0.01432;0.04957;0.13659;0.31231;0.59532;0.91306;1.00000","0.10000;0.10000;0.10000;0.10000;0.10000;0.10000;0.10000;0.10000;0.10000;0.10000;0.00001",NA,NA,NA,NA,NA,-2991.916913,0.202464,21,"0.00000;0.00002;0.00037;0.00299;0.01432;0.04957;0.13661;0.31232;0.59530;0.91304;1.00000","0.10000;0.10000;0.10000;0.10000;0.10000;0.10000;0.10000;0.10000;0.10000;0.10000;0.00001",0,1,0,1,0,1
"OG0015093","cyp2b6","NP_000758.1",10,-3675.544384,0.3928,19,-3647.690087,0.37035,20,"0.00000;1.00000","0.62965;0.37035",-3646.588224,0.42274454,22,"0.00000;1.00000;2.14690","0.64217;0.30123;0.05660",NA,NA,NA,NA,NA,-3647.99268,0.4,20,"0.00000;0.00000;0.00000;0.00000;0.00000;0.00000;1.00000;1.00000;1.00000;1.00000","0.10000;0.10000;0.10000;0.10000;0.10000;0.10000;0.10000;0.10000;0.10000;0.10000",-3646.655017,0.4242466914,22,"0.00000;0.00000;0.00000;0.00000;0.00000;0.00000;0.00016;0.00485;0.09339;0.75762;1.40358","0.07431;0.07431;0.07431;0.07431;0.07431;0.07431;0.07431;0.07431;0.07431;0.07431;0.25694","209","V","0.981*","1.717","0.545",-3647.690071,0.37035,21,"0.00000;0.00000;0.00000;0.00000;0.00000;0.00000;0.00000;0.00000;0.00000;0.00000;1.00000","0.06296;0.06296;0.06296;0.06296;0.06296;0.06296;0.06296;0.06296;0.06296;0.06296;0.37035",2.20399999999972,0.33220600682929,2.67599999999948,0.262369883958195,2.06999999999971,0.150221521269493
"OG0010795","cyp2c8","NP_000761.3",10,-3451.822282,0.49911,19,-3437.855072,0.46632,20,"0.00000;1.00000","0.53368;0.46632",-3435.31086,0.5279788481,22,"0.05677;1.00000;5.18768","0.57413;0.40927;0.01660",NA,NA,NA,NA,NA,-3438.0897,0.446016,20,"0.00000;0.00000;0.00000;0.00000;0.00008;0.46017;0.99991;1.00000;1.00000;1.00000","0.10000;0.10000;0.10000;0.10000;0.10000;0.10000;0.10000;0.10000;0.10000;0.10000",-3435.304469,0.5273463457,22,"0.00000;0.00000;0.00021;0.00688;0.08640;0.45848;0.88593;0.99213;0.99988;1.00000;4.99464","0.09815;0.09815;0.09815;0.09815;0.09815;0.09815;0.09815;0.09815;0.09815;0.09815;0.01853","99","I","0.979*","3.053","1.167",-3437.855072,0.4663205337,21,"0.00000;0.00000;0.00000;0.00000;0.00000;0.00000;0.00000;0.00000;0.00000;0.00001;1.00000","0.05337;0.05337;0.05337;0.05337;0.05337;0.05337;0.05337;0.05337;0.05337;0.05337;0.46632",5.08799999999974,0.0785515642823198,5.57200000000012,0.0616673907961832,5.10199999999986,0.0238982729991242
"OG0006457","cyp11b1_cyp11b2","NP_000488.3;NP_000489.3",11,-7464.928501,0.21485,21,-7454.167575,0.2091461989,22,"0.10987;1.00000","0.88847;0.11153",-7453.592649,0.220024144,24,"0.12655;1.00000;1.45999","0.92990;0.00000;0.07010",NA,NA,NA,NA,NA,-7439.642128,0.229613,22,"0.01788;0.05214;0.08793;0.12645;0.16883;0.21656;0.27206;0.33982;0.43029;0.58417","0.10000;0.10000;0.10000;0.10000;0.10000;0.10000;0.10000;0.10000;0.10000;0.10000",-7436.066908,0.235698376,24,"0.01853;0.04735;0.07543;0.10474;0.13649;0.17207;0.21354;0.26473;0.33479;0.46111;2.12002","0.09727;0.09727;0.09727;0.09727;0.09727;0.09727;0.09727;0.09727;0.09727;0.09727;0.02727",NA,NA,NA,NA,NA,-7437.773956,0.2200322695,23,"0.01754;0.04351;0.06843;0.09431;0.12229;0.15365;0.19029;0.23573;0.29845;0.41365;1.00000","0.09327;0.09327;0.09327;0.09327;0.09327;0.09327;0.09327;0.09327;0.09327;0.09327;0.06727",1.14999999999964,0.562704868807058,7.14999999999964,0.0280154257742269,3.41400000000067,0.0646455694999905
"OG0025723","cyp3a43","NP_476436.1",8,-2709.880416,0.3126,15,-2706.12884,0.307376869,16,"0.01010;1.00000","0.69969;0.30031",-2705.210038,0.331038417,18,"0.22484;1.00000;5.14599","0.97842;0.00000;0.02158",NA,NA,NA,NA,NA,-2706.13045,0.306638,16,"0.00000;0.00000;0.00000;0.00000;0.00000;0.00000;0.06638;1.00000;1.00000;1.00000","0.10000;0.10000;0.10000;0.10000;0.10000;0.10000;0.10000;0.10000;0.10000;0.10000",-2705.21292,0.3310503588,18,"0.16753;0.18747;0.19990;0.21013;0.21953;0.22881;0.23859;0.24970;0.26392;0.28853;5.15701","0.09786;0.09786;0.09786;0.09786;0.09786;0.09786;0.09786;0.09786;0.09786;0.09786;0.02142",NA,NA,NA,NA,NA,-2706.129845,0.3081918926,17,"0.00000;0.00000;0.00000;0.00000;0.00000;0.00000;0.04086;1.00000;1.00000;1.00000;1.00000","0.09941;0.09941;0.09941;0.09941;0.09941;0.09941;0.09941;0.09941;0.09941;0.09941;0.00590",1.83799999999974,0.398917759451608,1.83399999999983,0.399716393338168,1.83399999999983,0.17565581516165
"OG0007447","cyp5a1","NP_001052.3",10,-3631.99874,0.30277,19,-3607.15605,0.29602,20,"0.00000;1.00000","0.70398;0.29602",-3606.108181,0.3426714305,22,"0.00000;1.00000;1.33715","0.74373;0.00000;0.25627",NA,NA,NA,NA,NA,-3607.184185,0.300009,20,"0.00000;0.00000;0.00000;0.00000;0.00000;0.00000;0.00009;1.00000;1.00000;1.00000","0.10000;0.10000;0.10000;0.10000;0.10000;0.10000;0.10000;0.10000;0.10000;0.10000",-3606.10818,0.3426747369,22,"0.00000;0.00000;0.00000;0.00000;0.00000;0.00000;0.00000;0.00000;0.00000;0.00001;1.33716","0.07437;0.07437;0.07437;0.07437;0.07437;0.07437;0.07437;0.07437;0.07437;0.07437;0.25627",NA,NA,NA,NA,NA,-3607.15602,0.29602,21,"0.00000;0.00000;0.00000;0.00000;0.00000;0.00000;0.00000;0.00000;0.00000;0.00000;1.00000","0.07040;0.07040;0.07040;0.07040;0.07040;0.07040;0.07040;0.07040;0.07040;0.07040;0.29602",2.09599999999955,0.350638324951772,2.15200000000004,0.340956628137694,2.09599999999955,0.147685054453631
"OG0019471","cyp4z1","NP_835235.1",8,-5225.729879,0.68056,15,-5119.717445,0.5211392365,16,"0.04835;1.00000","0.50319;0.49681",-5074.015372,1.3307243426,18,"0.05938;1.00000;5.63121","0.44641;0.39151;0.16208","219;223;281;282;333;380;385;387;400;428;434;449;458;462;474;488;492;494;496;498;501","A;F;Y;Q;H;P;L;D;A;R;S;S;A;C;E;R;K;N;G;H;V","0.972*;0.961*;0.971*;0.989*;0.974*;0.978*;0.991**;0.976*;0.969*;0.950*;0.963*;0.985*;0.985*;0.987*;0.982*;0.974*;0.978*;0.999**;0.985*;0.980*;0.998**","5.653;5.599;5.648;5.736;5.661;5.680;5.747;5.671;5.636;5.548;5.610;5.717;5.716;5.727;5.705;5.666;5.683;5.783;5.718;5.693;5.780","1.088;1.194;1.098;0.909;1.075;1.033;0.880;1.053;1.123;1.280;1.177;0.954;0.958;0.931;0.986;1.069;1.029;0.778;0.956;1.005;0.789",-5121.373918,0.521843,16,"0.00000;0.00000;0.00000;0.00001;0.21862;0.99980;1.00000;1.00000;1.00000;1.00000","0.10000;0.10000;0.10000;0.10000;0.10000;0.10000;0.10000;0.10000;0.10000;0.10000",-5073.997,1.3176507696,18,"0.00000;0.00007;0.00322;0.04006;0.22853;0.62734;0.91548;0.99151;0.99976;1.00000;5.48891","0.08329;0.08329;0.08329;0.08329;0.08329;0.08329;0.08329;0.08329;0.08329;0.08329;0.16713","219;223;281;282;333;380;385;387;400;402;428;434;446;449;458;462;474;488;492;494;496;498;499;501;502;505","A;F;Y;Q;H;P;L;D;A;I;R;S;S;S;A;C;E;R;K;N;G;H;V;V;K;C","0.984*;0.974*;0.982*;0.993**;0.983*;0.987*;0.995**;0.985*;0.980*;0.951*;0.965*;0.975*;0.953*;0.990**;0.990**;0.992**;0.988*;0.983*;0.987*;0.999**;0.990*;0.988*;0.956*;0.999**;0.959*;0.964*","5.345;5.302;5.338;5.392;5.344;5.359;5.398;5.354;5.328;5.187;5.260;5.307;5.199;5.379;5.378;5.385;5.369;5.344;5.361;5.421;5.377;5.369;5.212;5.419;5.230;5.255","1.050;1.130;1.064;0.959;1.055;1.023;0.946;1.035;1.084;1.306;1.202;1.124;1.294;0.988;0.990;0.976;1.010;1.056;1.021;0.894;0.994;1.005;1.267;0.899;1.244;1.209",-5119.768148,0.5212852938,17,"0.02018;0.02824;0.03394;0.03902;0.04398;0.04916;0.05489;0.06174;0.07103;0.08839;1.00000","0.05034;0.05034;0.05034;0.05034;0.05034;0.05034;0.05034;0.05034;0.05034;0.05034;0.49659",91.4039999999986,1.41864453068874e-20,94.753999999999,2.65723724375294e-21,91.5419999999995,1.09248630074037e-21
"OG0014894","cyp17a1","NP_000093.1",10,-3450.601481,0.46718,19,-3435.146593,0.42738,20,"0.00000;1.00000","0.57262;0.42738",-3433.128595,0.5015699854,22,"0.18097;1.00000;2.17798","0.83946;0.00000;0.16054",NA,NA,NA,NA,NA,-3435.29191,0.406536,20,"0.00000;0.00000;0.00000;0.00000;0.00000;0.06536;1.00000;1.00000;1.00000;1.00000","0.10000;0.10000;0.10000;0.10000;0.10000;0.10000;0.10000;0.10000;0.10000;0.10000",-3433.130612,0.501617729,22,"0.12813;0.14642;0.15796;0.16754;0.17639;0.18519;0.19452;0.20517;0.21889;0.24288;2.18258","0.08404;0.08404;0.08404;0.08404;0.08404;0.08404;0.08404;0.08404;0.08404;0.08404;0.15963",NA,NA,NA,NA,NA,-3435.146594,0.4273805726,21,"0.00000;0.00000;0.00000;0.00000;0.00000;0.00000;0.00000;0.00000;0.00000;0.00001;1.00000","0.05726;0.05726;0.05726;0.05726;0.05726;0.05726;0.05726;0.05726;0.05726;0.05726;0.42738",4.03600000000006,0.132921041498171,4.32200000000012,0.115209853560362,4.03200000000015,0.044644985162583
"OG0026522","cyp1a2","NP_000752.2",9,-5702.980721,0.80267,17,-5675.941466,0.84812,18,"0.00000;1.00000","0.15188;0.84812",-5675.517391,0.9376875265,20,"0.00000;1.00000;1.11107","0.15605;0.00000;0.84395",NA,NA,NA,NA,NA,-5677.581249,0.808751,18,"0.00000;0.08799;0.99952;1.00000;1.00000;1.00000;1.00000;1.00000;1.00000;1.00000","0.10000;0.10000;0.10000;0.10000;0.10000;0.10000;0.10000;0.10000;0.10000;0.10000",-5675.517371,0.9376875265,20,"0.00000;0.00000;0.00000;0.00000;0.00000;0.00000;0.00000;0.00000;0.00000;0.00000;1.11107","0.01561;0.01561;0.01561;0.01561;0.01561;0.01561;0.01561;0.01561;0.01561;0.01561;0.84395",NA,NA,NA,NA,NA,-5675.941443,0.84812,19,"0.00000;0.00000;0.00000;0.00000;0.00000;0.00000;0.00000;0.00000;0.00000;0.00000;1.00000","0.01519;0.01519;0.01519;0.01519;0.01519;0.01519;0.01519;0.01519;0.01519;0.01519;0.84812",0.847999999999956,0.654423881908873,4.12800000000061,0.126945172288811,0.847999999999956,0.357118744418849
"OG0009477","cyp1a1","NP_000490.1",10,-3424.278783,0.376,19,-3404.671164,0.34203,20,"0.00000;1.00000","0.65797;0.34203",-3403.399753,0.399061946,22,"0.00000;1.00000;1.70892","0.69844;0.16400;0.13755",NA,NA,NA,NA,NA,-3405.200339,0.310907,20,"0.00000;0.00000;0.00000;0.00000;0.00000;0.00000;0.10909;0.99998;1.00000;1.00000","0.10000;0.10000;0.10000;0.10000;0.10000;0.10000;0.10000;0.10000;0.10000;0.10000",-3403.409146,0.3986199742,22,"0.00000;0.00000;0.00000;0.00000;0.00000;0.00000;0.00000;0.00000;0.00000;0.00002;1.38906","0.07130;0.07130;0.07130;0.07130;0.07130;0.07130;0.07130;0.07130;0.07130;0.07130;0.28697","225","A","0.963*","2.270","0.940",-3404.671146,0.34203,21,"0.00000;0.00000;0.00000;0.00000;0.00000;0.00000;0.00000;0.00000;0.00000;0.00000;1.00000","0.06580;0.06580;0.06580;0.06580;0.06580;0.06580;0.06580;0.06580;0.06580;0.06580;0.34203",2.54199999999946,0.280550930525694,3.58199999999943,0.166793292949687,2.52399999999943,0.112125842126222
"OG0020220","cyp2s1","NP_085125.1",10,-3320.555347,0.28031,19,-3308.969714,0.293921704,20,"0.03880;1.00000","0.73458;0.26542",-3307.24715,0.3256993584,22,"0.06032;1.00000;9.90993","0.75703;0.23881;0.00416",NA,NA,NA,NA,NA,-3309.03762,0.297044,20,"0.00000;0.00000;0.00000;0.00000;0.00007;0.00487;0.14239;0.82536;0.99775;1.00000","0.10000;0.10000;0.10000;0.10000;0.10000;0.10000;0.10000;0.10000;0.10000;0.10000",-3307.11145,0.321702558,22,"0.00000;0.00000;0.00009;0.00154;0.01274;0.06674;0.24085;0.57928;0.89501;0.99688;9.59263","0.09955;0.09955;0.09955;0.09955;0.09955;0.09955;0.09955;0.09955;0.09955;0.09955;0.00455",NA,NA,NA,NA,NA,-3309.008343,0.298304483,21,"0.00000;0.00000;0.00000;0.00000;0.00000;0.00000;0.00190;0.33077;0.99623;1.00000;1.00000","0.09147;0.09147;0.09147;0.09147;0.09147;0.09147;0.09147;0.09147;0.09147;0.09147;0.08528",3.44599999999991,0.178529754460238,3.85400000000027,0.145584296899605,3.79399999999987,0.0514365893834777
"OG0004311","cyp2d6","NP_000097.3",10,-4840.20534,0.35331,19,-4783.731709,0.4101852945,20,"0.00209;1.00000","0.59105;0.40895",-4783.734322,0.4117752956,22,"0.00006;1.00000;1.00000","0.58826;0.32429;0.08745",NA,NA,NA,NA,NA,-4783.544324,0.384866,20,"0.00000;0.00000;0.00000;0.00000;0.00028;0.04465;0.80491;0.99882;1.00000;1.00000","0.10000;0.10000;0.10000;0.10000;0.10000;0.10000;0.10000;0.10000;0.10000;0.10000",-4783.461558,0.39771154,22,"0.00000;0.00000;0.00000;0.00000;0.00000;0.00000;0.00000;0.00000;0.00005;0.64780;1.00000","0.06440;0.06440;0.06440;0.06440;0.06440;0.06440;0.06440;0.06440;0.06440;0.06440;0.35599",NA,NA,NA,NA,NA,-4783.471406,0.3971722008,21,"0.00000;0.00000;0.00000;0.00000;0.00000;0.00000;0.00000;0.00000;0.00000;0.64482;1.00000","0.06444;0.06444;0.06444;0.06444;0.06444;0.06444;0.06444;0.06444;0.06444;0.06444;0.35562",-0.00400000000081491,1,0.16399999999885,0.921271958696878,0.0179999999982101,0.893272830147486
"OG0024200","cyp27b1","NP_000776.1",10,-3047.675891,0.1796,19,-3041.198065,0.186131035,20,"0.04307;1.00000","0.85050;0.14950",-3041.020813,0.1950403974,22,"0.05439;1.00000;9.40367","0.86539;0.13302;0.00159",NA,NA,NA,NA,NA,-3041.262017,0.186575,20,"0.00000;0.00000;0.00000;0.00000;0.00005;0.00122;0.01812;0.16544;0.68775;0.99317","0.10000;0.10000;0.10000;0.10000;0.10000;0.10000;0.10000;0.10000;0.10000;0.10000",-3041.002278,0.1951975186,22,"0.00000;0.00000;0.00001;0.00018;0.00190;0.01260;0.05965;0.21289;0.55334;0.93594;9.26635","0.09981;0.09981;0.09981;0.09981;0.09981;0.09981;0.09981;0.09981;0.09981;0.09981;0.00193",NA,NA,NA,NA,NA,-3041.199119,0.1861364919,21,"0.01659;0.02389;0.02915;0.03388;0.03853;0.04340;0.04883;0.05536;0.06426;0.08102;1.00000","0.08509;0.08509;0.08509;0.08509;0.08509;0.08509;0.08509;0.08509;0.08509;0.08509;0.14913",0.35399999999936,0.837779784523262,0.520000000000437,0.771051585803398,0.394000000000233,0.530204290149984
"OG0004900","cyp2c9_cyp2c18_cyp2c19","NP_000762.2;NP_000763.1;NP_000760.1",12,-4724.499862,0.42545,23,-4683.422554,0.42224752,24,"0.05596;1.00000","0.61200;0.38800",-4682.691702,0.4507582846,26,"0.09763;1.00000;1.35189","0.68410;0.12246;0.19344",NA,NA,NA,NA,NA,-4683.900454,0.429556,24,"0.00000;0.00000;0.00000;0.00019;0.01468;0.33929;0.94214;0.99926;1.00000;1.00000","0.10000;0.10000;0.10000;0.10000;0.10000;0.10000;0.10000;0.10000;0.10000;0.10000",-4682.694411,0.4506980923,26,"0.06148;0.07511;0.08405;0.09165;0.09882;0.10607;0.11388;0.12295;0.13486;0.15624;1.25281","0.06985;0.06985;0.06985;0.06985;0.06985;0.06985;0.06985;0.06985;0.06985;0.06985;0.30148",NA,NA,NA,NA,NA,-4683.432274,0.4222806228,25,"0.02530;0.03431;0.04057;0.04609;0.05145;0.05699;0.06309;0.07035;0.08011;0.09821;1.00000","0.06124;0.06124;0.06124;0.06124;0.06124;0.06124;0.06124;0.06124;0.06124;0.06124;0.38759",1.46199999999953,0.481427321974421,2.41199999999844,0.29939245731003,1.47599999999875,0.224401409625781
"OG0010348","cyp3a7","NP_000756.3",9,-4635.988249,0.79763,17,-4573.693611,0.70109,18,"0.00000;1.00000","0.29891;0.70109",-4549.831119,0.98757022,20,"0.00000;1.00000;14.59300","0.29163;0.68783;0.02054","500;501;503","V;S;A","0.953*;1.000**;0.997**","9.114;9.507;9.484","2.087;1.085;1.175",-4573.694358,0.7,18,"0.00000;0.00000;0.00000;1.00000;1.00000;1.00000;1.00000;1.00000;1.00000;1.00000","0.10000;0.10000;0.10000;0.10000;0.10000;0.10000;0.10000;0.10000;0.10000;0.10000",-4562.60398,1.313568351,20,"0.00000;0.00000;0.00000;0.00000;0.00000;0.11059;0.99996;1.00000;1.00000;1.00000;2.38080","0.05418;0.05418;0.05418;0.05418;0.05418;0.05418;0.05418;0.05418;0.05418;0.05418;0.45819","27;47;50;57;78;120;220;259;281;282;284;286;289;292;293;296;318;331;333;337;350;353;398;399;407;409;437;450;454;456;457;478;484;492;498;500;501;503","T;L;A;Y;Q;I;V;G;S;K;S;T;A;D;L;M;I;V;K;T;V;M;S;Y;Y;T;N;M;L;L;I;R;L;M;E;V;S;A","0.953*;0.991**;0.992**;0.971*;0.984*;0.985*;0.991**;0.953*;0.984*;0.974*;0.961*;0.988*;0.974*;0.960*;0.950*;0.978*;0.981*;0.975*;0.962*;0.989*;0.964*;0.956*;0.980*;0.957*;0.961*;0.975*;0.988*;0.978*;0.978*;0.971*;0.977*;0.993**;0.994**;0.983*;0.964*;0.997**;1.000**;0.999**","2.419;2.493;2.495;2.457;2.481;2.484;2.494;2.424;2.482;2.464;2.440;2.488;2.463;2.439;2.419;2.470;2.476;2.466;2.442;2.491;2.446;2.430;2.474;2.432;2.440;2.464;2.488;2.471;2.470;2.458;2.470;2.498;2.499;2.481;2.445;2.504;2.509;2.507","0.414;0.192;0.181;0.314;0.241;0.227;0.184;0.385;0.235;0.288;0.349;0.210;0.291;0.351;0.399;0.273;0.256;0.285;0.345;0.199;0.336;0.371;0.260;0.368;0.349;0.288;0.209;0.268;0.271;0.305;0.275;0.169;0.163;0.237;0.341;0.133;0.098;0.115",-4573.693577,0.70109,19,"0.00000;0.00000;0.00000;0.00000;0.00000;0.00000;0.00000;0.00000;0.00000;0.00000;1.00000","0.02989;0.02989;0.02989;0.02989;0.02989;0.02989;0.02989;0.02989;0.02989;0.02989;0.70109",47.7260000000006,4.32943055982977e-11,22.1800000000003,1.52642051992724e-05,22.1800000000003,2.48246360050308e-06
"OG0009403","cyp4x1","NP_001307218.1",10,-3822.074831,0.4321,19,-3796.291725,0.41424,20,"0.00000;1.00000","0.58576;0.41424",-3794.092038,0.5004081147,22,"0.13377;1.00000;1.93128","0.79603;0.00000;0.20397",NA,NA,NA,NA,NA,-3796.361853,0.4,20,"0.00000;0.00000;0.00000;0.00000;0.00000;0.00000;1.00000;1.00000;1.00000;1.00000","0.10000;0.10000;0.10000;0.10000;0.10000;0.10000;0.10000;0.10000;0.10000;0.10000",-3794.092967,0.5004126598,22,"0.08684;0.10261;0.11277;0.12130;0.12927;0.13726;0.14579;0.15563;0.16844;0.19113;1.93494","0.07970;0.07970;0.07970;0.07970;0.07970;0.07970;0.07970;0.07970;0.07970;0.07970;0.20297","36","R","0.964*","2.167","0.861",-3796.291725,0.4142405858,21,"0.00000;0.00000;0.00000;0.00000;0.00000;0.00000;0.00000;0.00000;0.00000;0.00001;1.00000","0.05858;0.05858;0.05858;0.05858;0.05858;0.05858;0.05858;0.05858;0.05858;0.05858;0.41424",4.39999999999964,0.110803158362354,4.53800000000047,0.103415543936472,4.39800000000014,0.0359811033701716
"OG0025922","cyp27c1","NP_001001665.3",6,-2253.873199,0.24455,11,-2234.579481,0.22142,12,"0.00000;1.00000","0.77858;0.22142",-2231.961886,0.316340476,14,"0.01806;1.00000;2.16242","0.86090;0.00000;0.13910",NA,NA,NA,NA,NA,-2234.762167,0.2,12,"0.00000;0.00000;0.00000;0.00000;0.00000;0.00000;0.00000;0.00000;1.00000;1.00000","0.10000;0.10000;0.10000;0.10000;0.10000;0.10000;0.10000;0.10000;0.10000;0.10000",-2231.962003,0.3163242748,14,"0.00306;0.00608;0.00869;0.01127;0.01400;0.01705;0.02062;0.02513;0.03159;0.04458;2.16278","0.08610;0.08610;0.08610;0.08610;0.08610;0.08610;0.08610;0.08610;0.08610;0.08610;0.13901","348","N","0.969*","4.123","1.301",-2234.579446,0.22142,13,"0.00000;0.00000;0.00000;0.00000;0.00000;0.00000;0.00000;0.00000;0.00000;0.00000;1.00000","0.07786;0.07786;0.07786;0.07786;0.07786;0.07786;0.07786;0.07786;0.07786;0.07786;0.22142",5.23400000000038,0.0730215993566456,5.60000000000036,0.0608100626252069,5.23400000000038,0.0221495380750638
"OG0021887","cyp26c1","NP_899230.2",10,-3118.241679,0.18997,19,-3113.001359,0.2006205415,20,"0.07285;1.00000","0.86219;0.13781",-3113.001359,0.2006205415,22,"0.07285;1.00000;1.00000","0.86219;0.09363;0.04418",NA,NA,NA,NA,NA,-3113.023585,0.199426,20,"0.00000;0.00000;0.00014;0.00152;0.00900;0.03692;0.11686;0.29725;0.60367;0.92890","0.10000;0.10000;0.10000;0.10000;0.10000;0.10000;0.10000;0.10000;0.10000;0.10000",-3113.001834,0.200586703,22,"0.03753;0.04841;0.05577;0.06215;0.06826;0.07451;0.08132;0.08934;0.10001;0.11951;1.00000","0.08630;0.08630;0.08630;0.08630;0.08630;0.08630;0.08630;0.08630;0.08630;0.08630;0.13700",NA,NA,NA,NA,NA,-3113.001834,0.20058584,21,"0.03753;0.04841;0.05577;0.06215;0.06826;0.07451;0.08132;0.08934;0.10001;0.11950;1.00000","0.08630;0.08630;0.08630;0.08630;0.08630;0.08630;0.08630;0.08630;0.08630;0.08630;0.13700",0,1,0.043999999999869,0.978240235051274,0,1
"OG0009252","cyp4v2","NP_997235.3",10,-3542.227833,0.19131,19,-3537.622097,0.2052112065,20,"0.09893;1.00000","0.88205;0.11795",-3537.622097,0.2052112065,22,"0.09893;1.00000;1.00000","0.88205;0.04896;0.06899",NA,NA,NA,NA,NA,-3536.889276,0.196806,20,"0.00002;0.00112;0.00664;0.02140;0.05146;0.10405;0.18804;0.31483;0.50103;0.77947","0.10000;0.10000;0.10000;0.10000;0.10000;0.10000;0.10000;0.10000;0.10000;0.10000",-3536.889298,0.19681,22,"0.00002;0.00112;0.00664;0.02140;0.05146;0.10405;0.18803;0.31482;0.50101;0.77945;1.00000","0.10000;0.10000;0.10000;0.10000;0.10000;0.10000;0.10000;0.10000;0.10000;0.10000;0.00001",NA,NA,NA,NA,NA,-3536.889298,0.19681,21,"0.00002;0.00112;0.00664;0.02140;0.05146;0.10405;0.18803;0.31482;0.50101;0.77945;1.00000","0.10000;0.10000;0.10000;0.10000;0.10000;0.10000;0.10000;0.10000;0.10000;0.10000;0.00001",0,1,0,1,0,1
"OG0013392","cyp4f8","NP_009184.1",9,-3378.452475,0.47621,17,-3364.248652,0.41576,18,"0.00000;1.00000","0.58424;0.41576",-3362.201401,0.5026038424,20,"0.12351;1.00000;2.01218","0.79928;0.00000;0.20072",NA,NA,NA,NA,NA,-3364.299546,0.4,18,"0.00000;0.00000;0.00000;0.00000;0.00000;0.00000;1.00000;1.00000;1.00000;1.00000","0.10000;0.10000;0.10000;0.10000;0.10000;0.10000;0.10000;0.10000;0.10000;0.10000",-3362.201621,0.5026102004,20,"0.07800;0.09309;0.10286;0.11110;0.11882;0.12658;0.13489;0.14449;0.15702;0.17931;2.01499","0.08000;0.08000;0.08000;0.08000;0.08000;0.08000;0.08000;0.08000;0.08000;0.08000;0.19996","397","T","0.953*","2.763","1.231",-3364.248663,0.4157611684,19,"0.00000;0.00000;0.00000;0.00000;0.00000;0.00000;0.00000;0.00000;0.00000;0.00002;1.00000","0.05842;0.05842;0.05842;0.05842;0.05842;0.05842;0.05842;0.05842;0.05842;0.05842;0.41576",4.09599999999955,0.128992631036548,4.19599999999991,0.122701586185707,4.09399999999914,0.0430356807045304
"OG0003554","cyp21a2","NP_000491.4",10,-3578.504731,0.24061,19,-3568.310936,0.2622864652,20,"0.08788;1.00000","0.80879;0.19121",-3568.310936,0.2622864652,22,"0.08788;1.00000;1.00000","0.80879;0.13662;0.05459",NA,NA,NA,NA,NA,-3567.954596,0.252971,20,"0.00000;0.00024;0.00281;0.01396;0.04593;0.11700;0.24786;0.45058;0.70775;0.94358","0.10000;0.10000;0.10000;0.10000;0.10000;0.10000;0.10000;0.10000;0.10000;0.10000",-3567.9546,0.252975,22,"0.00000;0.00024;0.00281;0.01396;0.04593;0.11700;0.24785;0.45056;0.70773;0.94357;1.00000","0.10000;0.10000;0.10000;0.10000;0.10000;0.10000;0.10000;0.10000;0.10000;0.10000;0.00001",NA,NA,NA,NA,NA,-3567.9546,0.252975,21,"0.00000;0.00024;0.00281;0.01396;0.04593;0.11700;0.24785;0.45056;0.70773;0.94357;1.00000","0.10000;0.10000;0.10000;0.10000;0.10000;0.10000;0.10000;0.10000;0.10000;0.10000;0.00001",0,1,0,1,0,1
"OG0021765","cyp2r1","NP_078790.2",10,-2900.388901,0.21519,19,-2897.966263,0.221361916,20,"0.10260;1.00000","0.86766;0.13234",-2897.95963,0.22274821,22,"0.12502;1.00000;1.27072","0.91470;0.00000;0.08530",NA,NA,NA,NA,NA,-2897.993471,0.220404,20,"0.00000;0.00032;0.00308;0.01355;0.04088;0.09808;0.20109;0.36562;0.59949;0.88193","0.10000;0.10000;0.10000;0.10000;0.10000;0.10000;0.10000;0.10000;0.10000;0.10000",-2897.960246,0.2227335344,22,"0.07944;0.09465;0.10449;0.11278;0.12054;0.12834;0.13669;0.14633;0.15890;0.18126;1.27538","0.09161;0.09161;0.09161;0.09161;0.09161;0.09161;0.09161;0.09161;0.09161;0.09161;0.08389",NA,NA,NA,NA,NA,-2897.966963,0.2213450985,21,"0.06079;0.07435;0.08325;0.09083;0.09797;0.10520;0.11298;0.12203;0.13391;0.15524;1.00000","0.08687;0.08687;0.08687;0.08687;0.08687;0.08687;0.08687;0.08687;0.08687;0.08687;0.13130",0.0119999999997162,0.994017964054076,0.0659999999998035,0.967538559589127,0.0140000000001237,0.90581284672733
"OG0004409","cyp19a1","NP_000094.2",10,-2853.649047,0.24466,19,-2849.138364,0.2492825126,20,"0.05601;1.00000","0.79526;0.20474",-2849.065803,0.255803224,22,"0.06782;1.00000;9.15246","0.80866;0.19016;0.00118",NA,NA,NA,NA,NA,-2849.151786,0.249009,20,"0.00000;0.00000;0.00000;0.00006;0.00135;0.01563;0.11285;0.46676;0.89475;0.99869","0.10000;0.10000;0.10000;0.10000;0.10000;0.10000;0.10000;0.10000;0.10000;0.10000",-2849.023412,0.2554394196,22,"0.00000;0.00000;0.00013;0.00171;0.01150;0.05172;0.17186;0.42773;0.76894;0.98122;9.02188","0.09984;0.09984;0.09984;0.09984;0.09984;0.09984;0.09984;0.09984;0.09984;0.09984;0.00159",NA,NA,NA,NA,NA,-2849.138369,0.2492666044,21,"0.02528;0.03428;0.04055;0.04607;0.05142;0.05696;0.06306;0.07032;0.08007;0.09817;1.00000","0.07958;0.07958;0.07958;0.07958;0.07958;0.07958;0.07958;0.07958;0.07958;0.07958;0.20421",0.144000000000233,0.930530895811097,0.257999999999811,0.878973965545666,0.229999999999563,0.631523828490948
"OG0009099","cyp4f12","NP_076433.3",9,-3890.208729,0.3188,17,-3877.641006,0.3305817075,18,"0.09873;1.00000","0.74275;0.25725",-3877.519886,0.337368972,20,"0.13518;1.00000;1.23284","0.81580;0.00000;0.18420",NA,NA,NA,NA,NA,-3877.93143,0.331156,18,"0.00000;0.00009;0.00188;0.01387;0.06037;0.18464;0.41862;0.71034;0.92483;0.99692","0.10000;0.10000;0.10000;0.10000;0.10000;0.10000;0.10000;0.10000;0.10000;0.10000",-3877.523294,0.3373744295,20,"0.08845;0.10434;0.11457;0.12315;0.13116;0.13919;0.14776;0.15764;0.17049;0.19325;1.23715","0.08179;0.08179;0.08179;0.08179;0.08179;0.08179;0.08179;0.08179;0.08179;0.08179;0.18213",NA,NA,NA,NA,NA,-3877.646794,0.3305835108,19,"0.05770;0.07095;0.07968;0.08712;0.09414;0.10126;0.10894;0.11787;0.12962;0.15075;1.00000","0.07436;0.07436;0.07436;0.07436;0.07436;0.07436;0.07436;0.07436;0.07436;0.07436;0.25637",0.242000000000189,0.886033959592792,0.815999999999804,0.664978878822467,0.247999999999593,0.618486872856979
"OG0021604","cyp11a1","NP_000772.2",10,-3189.31495,0.20761,19,-3180.22793,0.2025125554,20,"0.07774;1.00000","0.86471;0.13529",-3178.421758,0.2213346082,22,"0.14333;1.00000;3.36267","0.97577;0.00000;0.02423",NA,NA,NA,NA,NA,-3180.852212,0.209323,20,"0.00000;0.00000;0.00001;0.00029;0.00308;0.02006;0.09248;0.30847;0.69352;0.97532","0.10000;0.10000;0.10000;0.10000;0.10000;0.10000;0.10000;0.10000;0.10000;0.10000",-3178.436219,0.2214771834,22,"0.09452;0.11084;0.12130;0.13006;0.13823;0.14640;0.15511;0.16514;0.17815;0.20115;3.38488","0.09761;0.09761;0.09761;0.09761;0.09761;0.09761;0.09761;0.09761;0.09761;0.09761;0.02388",NA,NA,NA,NA,NA,-3180.244079,0.2026997191,21,"0.04088;0.05220;0.05983;0.06641;0.07269;0.07910;0.08608;0.09428;0.10515;0.12497;1.00000","0.08649;0.08649;0.08649;0.08649;0.08649;0.08649;0.08649;0.08649;0.08649;0.08649;0.13510",3.61200000000008,0.164310064330394,4.83199999999943,0.0892780162516357,3.61599999999999,0.0572263081511722
"OG0017059","cyp2e1","NP_000764.1",10,-3489.18286,0.44547,19,-3459.22157,0.36324,20,"0.00000;1.00000","0.63676;0.36324",-3452.574719,0.5052996748,22,"0.00000;1.00000;4.32057","0.63961;0.31675;0.04364","474;493","V;S","0.980*;0.977*","3.886;3.880","1.443;1.451",-3459.623591,0.4,20,"0.00000;0.00000;0.00000;0.00000;0.00000;0.00000;1.00000;1.00000;1.00000;1.00000","0.10000;0.10000;0.10000;0.10000;0.10000;0.10000;0.10000;0.10000;0.10000;0.10000",-3452.622751,0.5038999602,22,"0.00000;0.00000;0.00000;0.00000;0.00000;0.00000;0.12406;0.99997;1.00000;1.00000;3.98398","0.09478;0.09478;0.09478;0.09478;0.09478;0.09478;0.09478;0.09478;0.09478;0.09478;0.05216","474;475;493","V;V;S","0.995**;0.965*;0.994**","3.246;3.154;3.243","1.119;1.177;1.123",-3459.221547,0.36324,21,"0.00000;0.00000;0.00000;0.00000;0.00000;0.00000;0.00000;0.00000;0.00000;0.00000;1.00000","0.06368;0.06368;0.06368;0.06368;0.06368;0.06368;0.06368;0.06368;0.06368;0.06368;0.36324",13.2940000000008,0.00129791000070868,14.0019999999995,0.000910970539378231,13.1980000000003,0.000280248029731704
"OG0011693","cyp4f11","NP_001122404.1",10,-4148.722081,0.36528,19,-4131.763638,0.3646398592,20,"0.11296;1.00000","0.71627;0.28373",-4130.173948,0.3958448034,22,"0.19173;1.00000;2.13953","0.84734;0.08182;0.07084",NA,NA,NA,NA,NA,-4132.582266,0.3709,20,"0.00000;0.00021;0.00372;0.02466;0.09773;0.26971;0.54155;0.81068;0.96174;0.99900","0.10000;0.10000;0.10000;0.10000;0.10000;0.10000;0.10000;0.10000;0.10000;0.10000",-4130.171798,0.3957965861,22,"0.05233;0.09608;0.13116;0.16416;0.19744;0.23270;0.27196;0.31857;0.38015;0.48778;2.02974","0.09095;0.09095;0.09095;0.09095;0.09095;0.09095;0.09095;0.09095;0.09095;0.09095;0.09049",NA,NA,NA,NA,NA,-4131.778484,0.364726718,21,"0.06924;0.08359;0.09295;0.10087;0.10831;0.11581;0.12387;0.13321;0.14543;0.16726;1.00000","0.07170;0.07170;0.07170;0.07170;0.07170;0.07170;0.07170;0.07170;0.07170;0.07170;0.28295",3.18000000000029,0.203925611734184,4.82000000000153,0.089815294572179,3.21200000000135,0.0731000787293633
"OG0021419","cyp51a1","NP_000777.1",10,-2684.175747,0.17508,19,-2681.908772,0.1855644715,20,"0.02485;1.00000","0.83519;0.16481",-2681.908772,0.1855744715,22,"0.02485;1.00000;1.00000","0.83519;0.09919;0.06563",NA,NA,NA,NA,NA,-2681.874973,0.183323,20,"0.00000;0.00000;0.00000;0.00000;0.00000;0.00008;0.00381;0.09663;0.73387;0.99884","0.10000;0.10000;0.10000;0.10000;0.10000;0.10000;0.10000;0.10000;0.10000;0.10000",-2681.874182,0.1840709108,22,"0.00000;0.00000;0.00000;0.00000;0.00000;0.00001;0.00097;0.04783;0.67449;0.99914;1.00000","0.09857;0.09857;0.09857;0.09857;0.09857;0.09857;0.09857;0.09857;0.09857;0.09857;0.01429",NA,NA,NA,NA,NA,-2681.874182,0.1840535819,21,"0.00000;0.00000;0.00000;0.00000;0.00000;0.00001;0.00097;0.04797;0.67459;0.99913;1.00000","0.09857;0.09857;0.09857;0.09857;0.09857;0.09857;0.09857;0.09857;0.09857;0.09857;0.01425",0,1,0.00200000000040745,0.999000499833172,0,1
"OG0024746","cyp26a1","NP_000774.2",10,-2607.654141,0.04944,19,-2606.480361,0.0504845248,20,"0.02841;1.00000","0.97728;0.02272",-2606.480361,0.0504945248,22,"0.02841;1.00000;1.00000","0.97728;0.01233;0.01040",NA,NA,NA,NA,NA,-2606.447192,0.049889,20,"0.00000;0.00000;0.00000;0.00000;0.00000;0.00002;0.00039;0.00557;0.05719;0.43572","0.10000;0.10000;0.10000;0.10000;0.10000;0.10000;0.10000;0.10000;0.10000;0.10000",-2606.447201,0.049892,22,"0.00000;0.00000;0.00000;0.00000;0.00000;0.00002;0.00039;0.00558;0.05720;0.43563;1.00000","0.10000;0.10000;0.10000;0.10000;0.10000;0.10000;0.10000;0.10000;0.10000;0.10000;0.00001",NA,NA,NA,NA,NA,-2606.447201,0.049888,21,"0.00000;0.00000;0.00000;0.00000;0.00000;0.00002;0.00039;0.00557;0.05718;0.43562;1.00000","0.10000;0.10000;0.10000;0.10000;0.10000;0.10000;0.10000;0.10000;0.10000;0.10000;0.00001",0,1,0,1,0,1
"OG0017700","cyp2w1","NP_060251.2",10,-3713.229615,0.1938,19,-3670.619252,0.195853519,20,"0.03214;1.00000","0.83085;0.16915",-3667.505181,0.2363249404,22,"0.06145;1.00000;2.60952","0.88804;0.06858;0.04337",NA,NA,NA,NA,NA,-3671.236527,0.215753,20,"0.00000;0.00000;0.00000;0.00000;0.00000;0.00000;0.00001;0.15762;0.99990;1.00000","0.10000;0.10000;0.10000;0.10000;0.10000;0.10000;0.10000;0.10000;0.10000;0.10000",-3667.398777,0.2360977677,22,"0.00001;0.00032;0.00215;0.00761;0.01970;0.04259;0.08246;0.14967;0.26598;0.50575;2.50499","0.09464;0.09464;0.09464;0.09464;0.09464;0.09464;0.09464;0.09464;0.09464;0.09464;0.05359","181;257;455","M;R;R","0.960*;0.960*;0.988*","2.657;2.657;2.711","0.640;0.642;0.558",-3671.184392,0.205362222,21,"0.00000;0.00000;0.00000;0.00000;0.00000;0.00000;0.00001;0.00234;0.24312;0.99593;1.00000","0.09073;0.09073;0.09073;0.09073;0.09073;0.09073;0.09073;0.09073;0.09073;0.09073;0.09273",6.22800000000007,0.0444229078512865,7.67600000000039,0.0215366315636511,7.57000000000062,0.00593477841872861
